Please select Member Type,Name of Business or Organization,Product or Service,Address(Address1),Address (Address2),Address (City),Address (State),Address (Zip),Business Phone,Business/Organization Website,
Business/Non-Profit,Affordable Green Movers,Moving/packing and Storage,,,Framingham,MA,01702,(508) 596-8751,www.affordablegreenmovers.com,
Business/Non-Profit,Akinto Travel Water,Hydration water,,,,,,,travelh2o.com,
Business/Non-Profit,"American vinegar Works, LLC",Vinegar,,,Lowell,MA,,,www.americanvinegarworks.com/,
Business/Non-Profit,B-Organic,Produce storage bags,7 Lambert Cir,,Worcester,MA,01605,508-545-4115,b-organicma.com,
Business/Non-Profit,Balanced Rock Advisors,"Financial planning, wealth management",1408 Centre St,,Roslindale,MA,02131,(617) 971-8323,balancedrockinvestmentadvisors.com/,
Business/Non-Profit,Basil Tree Catering,Corporate catering,10 Fawcett Street,,Cambridge,MA,02138,(617) 776-9100,www.basiltree.com,
Business/Non-Profit,BeReal Doughs,Cookie Dough,231 Route 6A ,,Yarmouth Port,MA,02675,(508) 737-5379,berealdoughs.com/,
Business/Non-Profit,Berkshire Natural ,Healthy Office Snack Distribution,,,,,,(413) 270-1234,www.BErkshireNATURAL.com,
Business/Non-Profit,BOLA granola,granola,10 Crissey Road,,Great Barrington,MA,01230,(413) 528-4745,www.bolagranola.com,
Business/Non-Profit,Boston Organics,Produce & grocery home/office delivery,"50 Terminal Street,","Building 2, Suite 105 ",Charlestown,MA,02129,(617) 242.1700,bostonorganics.com/,
Business/Non-Profit,Boston Solar,Solar panel installation,55 Sixth Rd,,Woburn,MA,01801,617-390-8792,www.bostonsolar.us/,
Business/Non-Profit,BoxSave,Moving boxes,,,Woburn,MA,01801,(866) 426-9728 ,www.boxsave.com,
Business/Non-Profit,Cabot Creamery Co-operative,Creamery,193 Home Farm Way,,Waitsfield,VT,05673,(888) 792-2268,www.cabotcheese.coop,
,Cambridge Common (Flying Toad Inc.),Restaurant,1667 Massachusetts Ave,,Cambridge,MA,02138,617-547-1228,cambridgecommonrestaurant.com/,
Business/Non-Profit,Cape Ann Fresh Foods,Community Supported Fishery,1 Blackburn Center,,Gloucester,MA,01930,(978) 283-2504,www.capeannfreshcatch.org,
Business/Non-Profit,Cape Cod Coffee,"Coffee roaster
coffee cafe",348 Main St.,,Mashpee,MA,02649,(508) 477-2400,capecodcoffee.com/,
Business/Non-Profit,"Capital Management Partners, LLC",Retirement Plan Design - ESG/Socially Responsible Investments - open to Individuals as well,100 Corporate Pl,,Peabody,MA,01960,(978) 535-8989,www.cmpadvisors.com,
Business/Non-Profit,Chrisopher's (Flying Toad Inc.),Restaurant,1920 Massachusetts Ave,,Cambridge,MA,02140,(617) 876-9180,www.christopherscambridge.com,
Business/Non-Profit,City Fresh Foods,Meal Service,77 Shirley Street, ,Roxbury,MA,02119,(617) 606-7123,cityfresh.com,
Business/Non-Profit,Copper Kettle Bakery,Baking goods,Online,,Westwood,MA,02090,(617) 448-6400,https://copperkettlebakery.com/,
Business/Non-Profit,Costa Fruit and Produce,,"18 Bunker Hill, Industrial Park",,Boston,MA,02129,(617) 241-8007,http://www.freshideas.com/index2.html,
Business/Non-Profit,Curio Spice Company,Spices,45 Endicott Ave,Unit 6,Somerville,MA,02144,(617) 851-3056,http://www.curiospice.com/,
Business/Non-Profit,Del Sur ,Argentine-style empanadas,456 Hyde Park Ave,,Roslindale ,MA,02131,,http://www.shareataste.info/,
Business/Non-Profit,Drysdale's All-Natural Carpet Care,,8 Longview Way,,Peaboddy,MA,01960,617-242-9657,http://www.drysdales123.com/,
Business/Non-Profit,Eastern Bank,,265 Franklin St,,Boston,MA,02110,(800) 327-8376,www.easternbank.com,
Business/Non-Profit,El Recreo,Coffee,1876 Centre St,,West Roxbury,MA,02132,,elrecreoestatecoffee.com,
Business/Non-Profit,Evergreen Consulting and Training,,Online,,,,,,evergreenconsulting.us,
Business/Non-Profit,"Evergreen Delivery, LLC",Christmas tree delivery,65 Northern Ave,,Boston,MA,02210,(617) 285-0826,https://evergreendelivery.bike/,
Business/Non-Profit,Forklift Catering ,Catering,"18 Browne Street, #3",,Brookline,MA,02446,(617) 776-7600,https://forkliftcatering.com/,
Business/Non-Profit,Fresh Food Generation ,Catering/Food Truck - Latin American & Caribbean Food,196 Quincy Street,,Dorchester,MA,02121,(617) 817-5001,www.freshfoodgeneration.com ,
Business/Non-Profit,FreshBox Farms,fresh local produce,725 Main St,,Millis,MA,02054,(508) 794-1449,www.freshboxfarms.com,
Business/Non-Profit,Fungi Ally,"Mushroom education, products",311 River Dr,,Montague,MA,01305,978-844-1811,https://fungially.com/,
Business/Non-Profit,Gilded Tomato Company,Green Catering - Mobile Woodfired Artisan Catering - Sustainable Farm to Table ,2 Peckham St,,Rehoboth,MA,02679,(508) 336-0123,www.gildedtomato.com,
Business/Non-Profit,Global Village Cuisine,African-inspired read-to-eat meals,43 Pine St,,White River Junction,VT,05001,,https://globalvillagecuisine.com/,
Business/Non-Profit,Good Egg Marketing,Marketing ,Online,,,,,,https://goodeggmarketing.com/,
Business/Non-Profit,Goodnow Farms Chocolate,Chocolate,80 Goodnow Road,,Sudbury,MA,01776,,https://goodnowfarms.com/,
Business/Non-Profit,Goody Clancy,Architecture and Design,420 Boylston Street,,Boston,MA,02116,(617) 262-2760,https://www.goodyclancy.com/,
Business/Non-Profit,Green Crab R&D,Green Crab Marketing and R&D,Online,,,,,,https://www.greencrab.org/,
Business/Non-Profit,Green Energy Consumers Alliance,Clean energy education,284 Armory Street,,Boston,MA,02130,1-800-287-3950,https://www.greenenergyconsumers.org/,
Business/Non-Profit,Habitus Incorporated,"Negotiation, Communication and Conflict Management Training and Coachin",306 Summer St Apt 2,,Somerville,MA,02144,(610) 999-7311,https://habitusincorporated.com,
Business/Non-Profit,Hiewa Tofu,Organic tofu made from Northeast grown soybeans,201 West St,,Rockport,ME,04856,(207) 236-8638,www.heiwatofu.com,
Business/Non-Profit,Happy Goats Farm,"Raw Goat Milk, Baby Goat Yoga, Herbal Tinctures",400 Norfolk St.,,Holliston ,MA,01746,(617) 272-0170,www.happygoatsfarm.com,
Business/Non-Profit,Hosteling International,Hostels,19 Stuart Street,,Boston,MA,02116,(617) 536-9455,https://www.hiusa.org/hostels/massachusetts/boston/boston,
Business/Non-Profit,Indelish,Asian-inspired meal kits,Online,,,,,(781) 244-4712,www.indelish.com,
Business/Non-Profit,In Season Food Shop,,1 Bow Market Way #3,,Somerville,MA,02143,(617) 764-3387,https://www.shopinseason.com/,
Business/Non-Profit,In Source Services,Tech and Financial Consulting ,148 Linden Street,,Wellesley,MA,02482,(781) 235-1490,https://www.insourceservices.com/,
Business/Non-Profit,Iterum Foods,Restaurants,303 Sumner St,,Boston,MA,02128,315-396-6313,https://noodlesbyiterum.com/,
Business/Non-Profit,Jay's Wicked,Barbecue and Hot Sauce,Online,,Ware,MA,01082,(413) 758-1411,http://www.jayswicked.com/,
Business/Non-Profit,Jennifer Lee's Gourmet Bakery,allergen free bakery,100 Hanover Street,,Boston,MA,02110,(978) 675-5116,https://www.jenniferleesshoppe.com/,
Business/Non-Profit,Kakosi,Chocolate,Online,,,,,,https://www.kakosichocolates.com/,
Business/Non-Profit,Kelley Chun & Associates,Consulting,P.O. Box 190871,,Boston,MA,02119,617-427-0046,http://www.kelleychunn.com/,
Business/Non-Profit,Kitchen Garden Farm,"organic vegetables, sriracha and salsas",131 South Silver Lane,,Sunderland,MA,01375,(413) 387-5163,www.kitchengardenfarm.com,
Business/Non-Profit,Kitchen Porch,Catering,54 Hewing Field,,Chilmark,MA,02535,(508) 645-5000,www.kitchenporch.com,
Business/Non-Profit,Koy,Korean Fusion Restaurant ,16 North Street,,Boston,MA,02109,(857) 991-1483,www.koyboston.com,
Business/Non-Profit,Land Escapes Design Inc.,Eco-friendly Landscape and Special Event Design,11 Harvard Street,,Arlington,MA,02476,(617) 504-9661,www.landescapesdesigninc.com,
Business/Non-Profit,Levend Bakery,Bagels,100 Hanover Street,,Boston,MA,02108,,https://www.levendbagelry.com/,
Business/Non-Profit,Little Acre Gourmet Foods,Sauce,Online,,,,,,https://littleacregourmet.com/,
Business/Non-Profit,LochTree,"Ecommerce Site For Sustainable, Eco-Friendly, & Upcycle Products",Online,,,,,(617) 302-6078,www.lochtree.com,
Business/Non-Profit,Longfellow Tennis & Healthclubs*,Health and Wellness,524 Boston Post Rd,,Wayland ,MA,01778,,https://longfellowhealthclubs.com/,
Business/Non-Profit,Massachusetts Health Connector,Health Insurance,133 Portland St,,Boston,MA,02114,(877) 623-6765,https://www.mahealthconnector.org/business,
Business/Non-Profit,Mei Mei,Restaurant,506 Park Drive,,Boston,MA,,(857) 250-4959,https://www.meimeiboston.com/,
Business/Non-Profit,Mike Albert Fleet Solutions,Alt Fleet Solutions,10340 Evendale Dr,,Cincinnati,OH,45241,(617) 893-3988,https://www.mikealbert.com/,
Business/Non-Profit,"MOJO Cold Brewed Coffee, Inc. ","MOJO, a cold brewed coffee drink",168 Main Street,,Wenham ,MA,01984,(978) 270-3838,www.mojocoffees.com,
Business/Non-Profit,"Morgan, Brown & Joy, LLP*",Legal ,200 State Street,11th Floor,Boston,MA,02109,(617) 523-6666,http://morganbrown.com/home/,
Business/Non-Profit,Natixis Investment Managers,Investment Capital,888 Boylston Street,,Boston,MA,02199,(617) 449-2100,https://www.im.natixis.com/us/home,
Business/Non-Profit,Natural Systems Utilities,Water treatment and reuse,"170 Township Line Road, Building C",,Hillsborough,NJ,08844,(908) 359-5501,https://www.nsuwater.com/,
Business/Non-Profit,Nit Wits LLC,Lice Removal,161 Belmont Street,,Belmont,MA,02478,(617) 816-9487,https://www.liceinfo.net/,
Sponsoring Member,NotStarve Kitchen Incubator*,,218 W Cummings Park,,Woburn ,MA ,01801,(617) 943-5715,www.notstarve.com,
Business/Non-Profit,Our Family Farms,Bottled milk ,324 Wells St.,P.O. Box 167,Greenfield ,MA,01302,(413) 772-2332,www.OurFamilyFarms.com,
Business/Non-Profit,Ozioli's Italian Cookie Company,All Natural Italian Cookies & All Natural Sugar Free Cookies,24 Seaspray Drive ,,East Falmouth,MA,02536,(508) 801-4669,www.Ozioliscookies.com,
Business/Non-Profit,"Progressive Investor's Network, LLC",Wealth Management,47 River St Suite 100,,Wellesley,MA,02481,(781) 239-1187,www.pinboston.com,
Business/Non-Profit,Pricklee,Superfruit Water,Online,,,,,,https://pricklee.com/,
Business/Non-Profit,Pythia Capital LLC,Investment Research Advisory and Private Direct Deal Service/Network,414 Hilltop Drive,,Walpole,MA,02081,(347) 837-4899,www.pythiacap.com,
Business/Non-Profit,Real Pickles,Naturally fermented pickles and sauerkraut,311 Wells Street,,Greenfield,MA,01301,(413) 774-2600,www.realpickles.com,
Business/Non-Profit,Red Apple Farm,,455 Highland Ave,,Phillipston,MA,01331,(800) 628-4851,http://redapplefarm.com/,
Business/Non-Profit,Reinventure Capital,Investment capital,40A Orchardhill Road,,Boston,MA,02130,(617) 480-2644,www.reinventurecapital.com,
Business/Non-Profit,Row 34/Oyster Creek Bar,Restaurants,500 Commonwealth Ave,,Boston,MA,02215,(617) 519-9273,www.row34.com,www.islandcreekoysterbar.com
Business/Non-Profit,Seaview Farm,"Grass-Fed Beef, Vegetables",38 south st,,Rockport,MA,01966,(904) 753-0342,seaviewfarmrockport.com,
Business/Non-Profit,Seven Hills Pasta,"Pasta products, classes",1 Hurd Street,,Melrose,MA,02176,,https://www.sevenhillspasta.com/,
Business/Non-Profit,Social(k),Retirement Investing,Online,,,,,,,
Business/Non-Profit,"Somerville Sustainable Cleaning, LLC","Commercial janitorial, facilities services provider",18 Dorrance Street,Unit #2,Boston,MA,02129,(617) 547-0450,http://somervillecleaning.com/,
Business/Non-Profit,Sugar Bob's Finest Kind,Sauces and Nuts,251 West Street,,Rutland,VT,05701,(802) 297-7665,https://www.sugarbobsfinestkind.com/,
Business/Non-Profit,Sugar Coated Heaven,,100 Hanover St,,Boston,MA,02108,,,
Business/Non-Profit,Sustainable Food Solutions Inc,Cricket products,Online,,,MA,,,https://www.facebook.com/pg/Sustainable-Food-Solutions-206180773488904/posts/?ref=page_internal,
Business/Non-Profit,Tamim Teas,Mushroom Tea,Online,,,MA,,,https://www.tamimteas.com/,
Business/Non-Profit,Tanuk Inc,All natural gourmet sauces,943 Boylston St,,Newton,MA,02461,,https://www.mealmantra.com/,
Business/Non-Profit,Tasting Counter,Restaurant,14 Tyler Street,,Somerville,MA,02143,(617) 299-6362,https://tastingcounter.com/,
Business/Non-Profit,Taza Chocolate,Chocolate,561 Windsor Street,,Somerville,MA,02143,(617) 623-0804,https://www.tazachocolate.com/,
Business/Non-Profit,Tech Networks of Boston,Nonprofit management,1 Wadleigh Place,,Needham,MA,02127,(617) 269-0299,https://techboston.com/,
Business/Non-Profit,Tel-Affinity,Telecommunications Consulting,66 Oak Knoll Terrace,,Needham,MA,02492,888.419.6722,,
Business/Non-Profit,The Best Bees Company,Beekeeping Services,839 Albany Street,,Boston,MA,02119,(617) 445-2322,www.bestbees.com,
Business/Non-Profit,The Food Loft,Innovation space,535 Albany Street,Floor 5,Boston,MA,02118,(617) 423-5803,http://www.thefoodloft.com/,
Business/Non-Profit,The Local Scoop,Ice cream,34 Cranberry Highway,,Cape Cod,MA,,508-255-0101,https://www.thelocalscoopcapecod.com/,
Business/Non-Profit,Thistle's All Natural LLC,"Jarred Zucchini Salsas in Hot, Medium and Mild Flavors",Online,,,MA,,(603) 370-9009,thistlesallnatural.com,
Business/Non-Profit,"ThreeMain, LLC",Cleaning Products,319 Washington,#1,Boston,MA,02135,,https://www.threemain.com/?sscid=11k4_o461j&utm_source=SAS&utm_medium=1358895&utm_campaign=1151207&afsrc=1,
Business/Non-Profit,TOAD (Flying Toad Inc.),Bar/Restaurant,1912 Massachusetts Ave.,,Cambridge,MA,,,https://toadcambridge.com/,
Business/Non-Profit,TRUX Inc.,Construction Logistics Applications,1601 Trapelo Rd Suite,,Waltham,MA,02451,(617) 616-2003,www.truxnow.com,
Business/Non-Profit,Uprise Foods,"Organic, fair-trade produce",Online,,,MA,,,https://www.uprisefoods.com/,
Business/Non-Profit,Viv Web Solutions,,14 Beacon Street,,Suite 604,MA,02108,,https://vivwebsolutions.com/,
Business/Non-Profit,Walker Farm at Whortleberry Hill,Grass-fed meat,1290 W Brookfield Rd,,Braintree,MA,01531,(508) 317-2790,http://walkergrassfed.com/,
Business/Non-Profit,Williams Agency,Marketing,144 Mt Auburn St,,Cambridge,MA,02138,(617) 395-7680,http://thewilliamsagency.net/,